ActivityID,Age_in_months,Activity description,location,category,requires device,materials_needed,interest,target_developmental_area
A1,60,"Use words to help your child begin to understand time. For example, sing songs about the days of the week and let him know what day it is. Use words about time, such as today, tomorrow, and yesterday.",Any,Language/Communication,No,Music,Music,Speech
A2,60,"Let your child do things for himself, even if he doesn't do it perfectly. For example, let him make his bed, button his shirt, or pour water into a cup. Celebrate when he does it and try not to ""fix"" anything you don't have to.",Indoor,Physical/Motor,No,Cups/Water,General Play,Fine Motor
A3,60,Talk about and label your child's and your own feelings. Read books and talk about the feelings characters have and why they have them.,Any,Language/Communication,No,Books,Reading,Speech
A4,60,"Play rhyming games. For example, say ""What rhymes with cat?""",Any,Language/Communication,No,None,Games,Speech
A5,60,"Teach your child to follow rules in games. For example, play simple board games, card games, or Simon Says.",Any,Language/Communication,No,None,Games,Speech
A6,60,Create a spot in your home for your child to go to when he's upset. Stay nearby so your child knows he is safe and can come to you for help calming as needed.,Any,Social/Emotional,No,None,General Play,Emotional Regulation
A7,60,"Set limits for screen time (TV, tablets, phones, etc.) for your child, to no more than 1 hour per day. Make a media use plan for your family.",Any,Cognitive/Play,Yes,None,General Play,Cognitive Development
A8,60,"Eat meals with your child and enjoy family time talking together. Give the same meal to everyone. Avoid screen time (TV, tablets, phones, etc.) during mealtime. Let your child help prepare the healthy foods and enjoy them together.",Any,Language/Communication,Yes,None,General Play,Speech
A9,60,"Encourage your child to ""read"" by looking at the pictures and telling the story.",Any,Language/Communication,No,None,Reading,Cognitive Development
A10,60,"Play games that help with memory and attention. For example, play card games, Tic Tac Toe, I Spy, or Hot and Cold.",Any,Social/Emotional,No,None,Games,Cognitive Development
A11,60,"Let your child play with other children, such as at a park or library. Ask about local play groups and pre-school programs. Playing with others helps your child learn the value of sharing and friendship.",Outdoor,Social/Emotional,No,None,Games,Cognitive Development
A12,60,"Teach your children about safe touch, such as hugging when both people want to and touches that help keep children healthy (touches from doctors or parents). Unsafe touches are touches that might make a child feel hurt, uncomfortable, scared, or confused. Teach your children that they are in charge of who touches them. Help them practice saying 'no' to unwanted or unsafe touch and let them know there are adults they can turn to for help.",Any,Language/Communication,No,None,General Play,Speech
A13,60,"Teach your child to look for ""helpers"" if she is lost or needs help, such as parents with children, a store clerk with a badge, or a police officer. Teach your child her name and your name (first and last names).",Any,Social/Emotional,No,None,General Play,Cognitive Development
A14,60,"Encourage your child to pretend play. Help your child find items she can use to play dress up, school, or house.",Any,Social/Emotional,No,None,Games,Cognitive Development
A15,60,"Keep a box of crayons, paper, paint, child scissors, and glue for creative play. Encourage your child to draw and make art projects with different supplies.",Any,Cognitive/Play,No,Art Supplies,Games,Fine Motor
A16,60,Take your child to the playground. Teach her how to pump her legs back and forth on a swing and help her play on the monkey bars.,Any,Social/Emotional,No,None,Games,Cognitive Development
A17,60,"Create a calm, quiet bedtime routine. Avoid any screen time (TV, tablets, phones, etc.) for 1 to 2 hours before bed and don't put any screens in your child's bedroom. Children this age need 10 to 13 hours of sleep a day (including naps). Consistent sleep times make it easier!",Indoor,Cognitive/Play,Yes,None,General Play,Emotional Regulation
A18,60,"Read to your child. Ask questions, such as ""What is happening in the picture?"" and ""What do you think will happen next?""",Any,Language/Communication,Yes,None,Reading,Cognitive Development
A19,60,"Explore things your child likes. For example, if he loves animals, get some library books about animals, look for birds and squirrels in a park, or visit a zoo to learn about animals.",Outdoor,Language/Communication,No,Books,Reading,Cognitive Development
A20,60,"Try to make time for active play each day. Your child will have more fun if she can choose the activity. For example, give her choices, such as playing music and dancing together, playing outside, or taking a walk together.",Outdoor,Physical/Motor,No,Music,Music,Cognitive Development
A21,60,"Your child might start to talk back or use profanity (swear words) as a way to feel independent. Do not give a lot of attention to this talk, other than a brief time out. Instead, praise your child when he asks for things nicely and calmly takes ""no"" for an answer.",Any,Language/Communication,No,None,General Play,Speech
A22,60,"Help your child be ready for new places and meeting new people. For example, you can read stories or role play (pretend play) to help her get ready for Kindergarten.",Any,Language/Communication,No,None,Reading,Cognitive Development
A23,48,"Help your child be ready for new places and meeting new people. For example, you can read stories or role play (pretend play) to help him be comfortable.",Any,Language/Communication,No,None,Reading,Cognitive Development
A24,48,Read with your child. Ask him what's happening in the story and what he thinks might happen next.,Any,Language/Communication,Yes,None,Reading,Cognitive Development
A25,48,"Help your child learn about colors, shapes, and sizes. For example, ask the color, shapes, and size of things she sees during the day.",Any,Social/Emotional,No,None,Art,Cognitive Development
A26,48,"Encourage your child to use ""his words"" to ask for things and solve problems but show him how. He may not know the words he needs. For example, help your child say, ""Can I have a turn?"" instead of taking something from someone.",Any,Language/Communication,No,None,General Play,Speech
A27,48,"Help your child learn about others' feelings, and about positive ways to react. For example, when he sees a child who is sad, say ""He looks sad. Let's bring him a teddy.""",Any,Language/Communication,No,None,General Play,Speech
A28,48,"Use positive words and give attention to behaviors you want to see (""wanted behaviors""). For example, say ""You're sharing that toy so nicely!"" Give less attention to those you don't want to see.",Any,Language/Communication,No,Toys,General Play,Speech
A29,48,"Tell your child in a simple way why she can't do something you don't want her to do (""unwanted behavior""). Give her a choice of what she can do instead. For example, ""You can't jump on the bed. Do you want to go outside and play or put on some music and dance?""",Outdoor,Physical/Motor,No,Music,Music,Gross Motor
A30,48,"Let your child play with other children, such as at a park or library. Ask about local play groups and pre-school programs. Playing with others helps you child learn the value of sharing and friendship.",Outdoor,Social/Emotional,No,None,Games,Cognitive Development
A31,48,"Eat meals with your child when possible. Let her see you enjoying healthy foods, such as fruits, vegetables, and whole grains, and drinking milk or water.",Any,Cognitive/Play,No,Cups/Water,General Play,Cognitive Development
A32,48,"Create a calm, quiet bedtime routine. Avoid any screen time (TV, phone, tablet, etc.) for 1 to 2 hours before bed and don't put any screens in your child's bedroom. Children this age need 10 to 13 hours of sleep a day (including naps). Consistent sleep times make it easier!",Indoor,Cognitive/Play,Yes,None,General Play,Emotional Regulation
A33,48,"Give your child toys or things that encourage his imagination, such as dress-up clothes, pots and pans to pretend cook, or blocks to build with. Join him in pretend play, such as eating the pretend food he cooks.",Any,Cognitive/Play,No,Toys,Games,Cognitive Development
A34,48,"Take time to answer your child's ""why"" questions. If you don't know the answer, say ""I don't know,"" or help your child find the answer in a book, on the Internet, or from another adult.",Any,Language/Communication,No,Books,Reading,Speech
A35,48,"Count simple things, such as fingers, toys, or bananas. This will help your child learn about numbers and counting.",Any,Social/Emotional,No,Toys,General Play,Cognitive Development
A36,48,"Give your child choices that are simple and healthy. Let her choose what to wear, play, or eat for a snack. Limit choices to 2 or 3.",Any,Cognitive/Play,No,None,Games,Cognitive Development
A37,48,"Continue to teach your child skills to play with others, such as using words, sharing toys, and taking turns.",Any,Language/Communication,No,Toys,Music,Speech
A38,48,"Teach your child to play outdoor games with friends, such as tag, follow the leader, and hide and seek.",Outdoor,Cognitive/Play,No,None,Games,Cognitive Development
A39,48,"Spend time speaking to your child in complete sentences, using ""grown-up"" words. This will help her learn better speaking skills and helps with future reading and writing skills.",Any,Language/Communication,No,None,Reading,Speech
A40,48,"Let your child help with simple chores, such as bringing in the mail, feeding a pet, or wiping down tables. This helps build independence.",Any,Social/Emotional,No,None,General Play,Cognitive Development
A41,48,"Teach your child to stop and wait when excited by playing red light, green light, or freeze dance (play music, turn it off, and have everyone freeze when it stops).",Any,Cognitive/Play,No,Music,Music,Cognitive Development
A42,48,Play your child's favorite songs and dance with your child. Take turns copying each other's moves.,Any,Cognitive/Play,No,Music,Music,Cognitive Development
A43,48,"Give your child time to solve her own problems with friends. For example, if they are arguing over who gets to be which superhero, let them work it out. Stay nearby to help if needed. If they can't work it out, use questions to help them think of other solutions.",Any,Social/Emotional,No,None,General Play,Cognitive Development
A44,48,"Use words, such as ""first,"" ""second,"" and ""finally."" When playing, telling stories, or doing chores, ask your child what comes next. This will help your child learn about the order of events.",Any,Language/Communication,No,None,Games,Speech
A45,48,"Comfort your child if he is afraid and talk about his fears. For example, ""Monsters can feel scary even though they are not real and can't hurt you."" Help your child learn things he can do when he is afraid, such as hugging a stuffed animal.",Any,Language/Communication,No,None,General Play,Speech
A46,48,"Play simple games, such as Tic-Tac-Toe or matching games.",Any,Cognitive/Play,No,None,Games,Cognitive Development
A47,48,"Try to make time for active play each day. Your child will have more fun if she can choose the activity. For example, give her choices, such as playing music and dancing together, playing outside, or taking a walk together.",Outdoor,Physical/Motor,No,Music,Music,Cognitive Development
A48,48,Help your child notice when he hurts someone's feelings by describing what you see. Encourage him to say sorry and help him find a way to make the person feel better.,Any,Language/Communication,No,None,General Play,Speech
A49,48,Take trips to the library to let your child pick out books.,Any,Language/Communication,No,Books,Reading,Cognitive Development
A50,48,"Limit screen time (TV, tablets, phones, etc.) to no more than 1 hour per day of a children's program with an adult present. Don't put any screens in your child's bedroom. Children learn by talking, playing, and interacting with others.",Indoor,Language/Communication,Yes,None,Games,Speech
A51,36,"Encourage your child to solve her own problems with your support. Ask questions to help her understand the problem. Help her think of solutions, try one out, and try more if needed.",Any,Social/Emotional,No,None,General Play,Cognitive Development
A52,36,"Talk about your child's emotions and give him words to help him explain how he's feeling. Help your child manage stressful feelings by teaching him to take deep breaths, hug a favorite toy, or go to a quiet, safe place when he is upset.",Any,Language/Communication,No,Toys,General Play,Speech
A53,36,"Set a few simple and clear rules that your child can follow, such as use gentle hands when playing. If he breaks a rule, show him what to do instead. Later, if your child follows the rule, recognize and congratulate him.",Any,Cognitive/Play,No,None,Games,Cognitive Development
A54,36,"Read with your child. Ask questions, such as ""What is happening in the picture?"" and/or ""What do you think will happen next?"" When she gives you an answer, ask for more details.",Any,Language/Communication,Yes,None,Reading,Cognitive Development
A55,36,"Play counting games. Count body parts, stairs, and other things you use or see every day. Children this age are starting to learn about numbers and counting.",Any,Cognitive/Play,No,None,Games,Cognitive Development
A56,36,"Help your child develop his language skills by speaking to him in longer sentences than his, using real words. Repeat what he says, for example, ""need nana,"" and then show how to use more ""grown-up"" words by saying, ""I want a banana.""",Any,Language/Communication,No,None,Music,Speech
A57,36,"Let your child help with making meals. Give him simple tasks, such as washing fruits and vegetables or stirring.",Any,Social/Emotional,No,None,General Play,Cognitive Development
A58,36,"Give your child instructions with 2 or 3 steps. For example, ""Go to your room and get your shoes and coat.""",Any,Cognitive/Play,No,None,General Play,Cognitive Development
A59,36,"Limit screen time (TV, tablets, phones, etc.) to no more than 1 hour per day of a children's program with an adult present. Don't put any screens in your child's bedroom. Children learn by talking, playing, and interacting with others.",Indoor,Language/Communication,Yes,None,Games,Speech
A60,36,"Teach your child simple songs and rhymes, such as ""Itsy Bitsy Spider"" or ""Twinkle, Twinkle, Little Star.""",Any,Language/Communication,No,Music,Music,Cognitive Development
A61,36,"Give your child an ""activity box"" with paper, crayons, and coloring books. Color and draw lines and shapes with your child.",Any,Language/Communication,No,"Books, Art Supplies",Reading,Fine Motor
A62,36,Encourage your child to play with other children. This helps him learn the value of friendship and how to get along with others.,Any,Social/Emotional,No,None,Games,Cognitive Development
A63,36,"Let your child play with playdough by squishing it, pressing it, pinching it, and making balls in different colors. This builds her hand and finger muscles for writing, buttoning, and cutting.",Any,Language/Communication,No,Ball,Music,Fine Motor
A64,36,"Give your child simple, healthy food choices. For example, at snack time ask, ""Do you want carrots or an apple?""",Any,Cognitive/Play,Yes,None,General Play,Cognitive Development
A65,36,"Play games to teach opposites. Get down low and say, ""I am small."" Then stand up and say, ""I am big."" Do the same thing for fast/slow, quiet/loud.",Any,Language/Communication,No,None,Games,Speech
A66,36,Play matching games. Ask your child to find objects in books or around the house that are the same.,Any,Language/Communication,No,Books,Reading,Cognitive Development
A67,36,Play outside with your child. Go to the park or a walking trail. Allow your child plenty of time to choose what and how she wants to play. Join her and follow her lead.,Outdoor,Physical/Motor,No,None,Games,Cognitive Development
A68,36,"Help your child be ready for new places and meeting new people. For example, you can read stories or role play (pretend play) about new places or things to help him feel more comfortable.",Any,Language/Communication,No,None,Reading,Cognitive Development
A69,36,Encourage your child to tell you her name and age.,Any,Cognitive/Play,No,None,General Play,Cognitive Development
A70,30,"Encourage ""free play,"" where your child can follow her interests, try new things, and use things in new ways.",Any,Cognitive/Play,No,None,Games,Cognitive Development
A71,30,"Use positive words and give more attention to behaviors you want to see (""wanted behaviors""), than to those you don't want to see. For example, say ""I like how you gave Jordan the toy.""",Any,Language/Communication,No,Toys,General Play,Speech
A72,30,Give your child food choices that are simple and healthy. Let him choose what to eat for a snack or what to wear. Limit choices to two or three.,Any,Cognitive/Play,No,None,General Play,Cognitive Development
A73,30,"Ask your child simple questions about books and stories. Ask questions, such as ""Who?"" ""What?"" and ""Where?""",Any,Language/Communication,No,Books,Reading,Cognitive Development
A74,30,"Help your child learn how to play with other children. Show him how by helping him share, take turns, and use his ""words.""",Any,Language/Communication,No,None,Games,Speech
A75,30,"Let your child ""draw"" with crayons on paper, shaving cream on a tray, or chalk on a sidewalk. If you draw a straight line, see if she will copy you. When she gets good at lines, show her how to draw a circle.",Outdoor,Physical/Motor,No,Art Supplies,Art,Fine Motor
A76,30,"Let your child play with other children, such as at a park or library. Ask about local play groups and pre-school programs. Playing with others helps him learn the value of sharing and friendship.",Outdoor,Social/Emotional,No,None,Games,Cognitive Development
A77,30,"Eat family meals together as much as you can. Give the same meal to everyone. Enjoy each other's company and avoid screen time (TV, tablets, and phones, etc.) during meals.",Any,Cognitive/Play,Yes,None,General Play,Cognitive Development
A78,30,"Limit screen time (TV, tablets, phones, etc.) to no more than 1 hour per day of a children's program with an adult present. Children learn by talking, playing, and interacting with others.",Any,Language/Communication,Yes,None,Games,Speech
A79,30,"Use words to describe things to your child, such as big/small, fast/slow, on/off, and in/out.",Any,Language/Communication,No,None,General Play,Speech
A80,30,"Help your child do simple puzzles with shapes, colors, or animals. Name each piece when your child puts it in place.",Any,Social/Emotional,No,None,Art,Cognitive Development
A81,30,"Play with your child outside. For example, take your child to the park to climb on equipment and run in safe areas.",Outdoor,Physical/Motor,No,None,Games,Gross Motor
A82,30,Allow your child to eat as much or as little as she wants at each meal. Your job is to offer her healthy foods and it's your child's job to decide if and how much she wants to eat.,Any,Cognitive/Play,No,None,General Play,Cognitive Development
A83,30,"Ask your child's doctor and/or teachers about toilet training to know if your child is ready to start. Most children are not able to toilet train until 2 to 3 years old. Starting too early can cause stress and setbacks, which can cause training to take longer.",Any,Language/Communication,No,None,Reading,Cognitive Development
A84,30,"Let your child play with large boxes. He can pretend it is a car, bus, train, or house. Let him color, paint it, and put stickers on it.",Any,Cognitive/Play,No,None,Games,Cognitive Development
A85,30,"Play with your child outside by playing ""ready, set, go."" For example, pull your child back in a swing. Say ""Ready, set..."", then wait and say ""Go"" when you push the swing.",Outdoor,Language/Communication,No,None,Reading,Speech
A86,30,"Encourage your child to name colors, body parts, and pictures in books.",Any,Language/Communication,No,Books,Reading,Cognitive Development
A87,30,"Kick a ball back and forth with your child. When your child is good at that, show her how to run and kick the ball.",Any,Physical/Motor,No,Ball,General Play,Gross Motor
A88,30,"Have steady routines for sleeping and feeding. Create a calm, quiet bedtime for your child. Put on her pajamas, brush her teeth, and read 1 or 2 books to her. Children this age need 11 to 14 hours of sleep a day (including naps). Consistent sleep times make it easier.",Indoor,Language/Communication,No,Books,Reading,Emotional Regulation
A89,30,"Play ""follow the leader"" with your child. Walk in a straight line, make turns, walk backwards, and walk on tiptoes. Let your child lead after you show him how.",Outdoor,Physical/Motor,No,None,Games,Cognitive Development
A90,30,Read to your child and visit the local library. This will help your child enjoy reading and be ready to read when she is older.,Any,Language/Communication,No,None,Reading,Cognitive Development
A91,30,"Encourage ""pretend"" play. For example, let your child pretend to cook using safe things from your kitchen.",Indoor,Language/Communication,No,None,Music,Cognitive Development
A92,30,Show your child how to turn pages in a book or magazine.,Any,Language/Communication,No,Books,Reading,Cognitive Development
A93,24,"Help your child learn how words sound, even if he can't say them clearly yet. For example, if your child says, ""or nana,"" say ""You want more banana.""",Any,Language/Communication,No,None,General Play,Speech
A94,24,"Watch your child closely during playdates. Children this age play next to each other, but do not know how to share and solve problems. Show your child how to deal with conflicts by helping her share, take turns, and use words when possible.",Any,Language/Communication,No,None,Games,Speech
A95,24,"Have your child help you get ready for mealtime, by letting him carry things to the table, such as plastic cups or napkins. Thank your child for helping.",Any,Language/Communication,No,Cups/Water,Reading,Cognitive Development
A96,24,"Give your child balls to kick, roll, and throw.",Any,Cognitive/Play,No,Ball,General Play,Cognitive Development
A97,24,"Give toys that teach your child how to make things work and how to solve problems. For example, give her toys where she can push a button and something happens.",Any,Physical/Motor,Yes,Toys,General Play,Fine Motor
A98,24,"Let your child play dress up with grown-up clothes, such as shoes, hats, and shirts. This helps him begin to pretend play.",Any,Social/Emotional,No,None,Games,Cognitive Development
A99,24,Allow your child to eat as much or as little as she wants at each meal. Toddlers don't always eat the same amount or type of food each day. Your job is to offer her healthy foods and it's your child's job to decide if and how much she needs to eat.,Any,Cognitive/Play,No,None,General Play,Cognitive Development
A100,24,"Have steady routines for sleeping and feeding. Create a calm, quiet bedtime for your child. Put on his pajamas, brush his teeth, and read 1 or 2 books to him. Children this age need 11 to 14 hours of sleep a day (including naps). Consistent sleep times make it easier.",Indoor,Language/Communication,No,Books,Reading,Emotional Regulation
A101,24,"Ask your child's doctor and/or teachers about toilet training to know if your child is ready to start. Most children are not able to toilet train until 2 to 3 years old. Starting too early can cause stress and setbacks, which can cause training to take longer.",Any,Language/Communication,No,None,Reading,Cognitive Development
A102,24,"Use positive words when your child is being a good helper. Let him help with simple chores, such as putting toys or laundry in a basket.",Any,Language/Communication,No,Toys,General Play,Speech
A103,24,"Play with your child outside, by playing ""ready, set, go."" For example, pull your child back in a swing. Say ""Ready, set...."", then wait and say ""Go"" when you push the swing.",Outdoor,Language/Communication,No,None,Reading,Speech
A104,24,Let your child create simple art projects with you. Give your child crayons or put some finger paint on paper and let her explore by spreading it around and making dots. Hang it on the wall or refrigerator so your child can see it.,Any,Language/Communication,No,Art Supplies,Reading,Cognitive Development
A105,24,"Use positive words and give more attention to behaviors you want to see (""wanted behaviors""), than to those you don't want to see. For example, say ""Look how well you're eating with your spoon.""",Any,Language/Communication,No,None,General Play,Speech
A106,24,"Let your child play with sand toys or plastic containers, spoons, or a funnel in the tub or in a sandbox.",Any,Cognitive/Play,No,Toys,Games,Cognitive Development
A107,24,"Help your child do simple puzzles with shapes, colors, or animals. Name each piece when your child puts it in place.",Any,Social/Emotional,No,None,Art,Cognitive Development
A108,24,"Encourage your child's curiosity and help her learn and explore new things. Take her to the park, take walks, or go on a bus ride.",Outdoor,Social/Emotional,No,None,General Play,Cognitive Development
A109,24,"Sing songs, such as ""Head, Shoulders, Knees, and Toes,"" to teach names of body parts. After singing it a few times, see if your child sings some of the words when you touch a body part and wait.",Any,Language/Communication,No,Music,Music,Speech
A110,24,"Limit screen time (TV, tablets, phones, etc.) to no more than 1 hour a day of a children's program with an adult present. Children learn by talking, playing, and interacting with others.",Any,Language/Communication,Yes,None,Games,Speech
A111,24,Encourage your child to play with blocks. Take turns building towers and knocking them down.,Any,Cognitive/Play,No,None,Games,Cognitive Development
A112,24,Ask your child to help you open the drawer when you put away clothes or open the door when you go outside.,Outdoor,Social/Emotional,No,Art Supplies,Art,Fine Motor
A113,18,"Use positive words and give more attention to behaviors you want to see (""wanted behaviors""). For example, ""Look how nicely you put the toy away."" Give less attention to those you don't want to see.",Any,Language/Communication,No,Toys,General Play,Speech
A114,18,"Encourage ""pretend"" play. Give your child a spoon so she can pretend to feed her stuffed animal. Take turns pretending.",Any,Cognitive/Play,No,None,Games,Cognitive Development
A115,18,"Help your child learn about others' feelings and about positive ways to react. For example, when he sees a child who is sad, say ""He looks sad. Let's bring him a teddy.""",Any,Language/Communication,No,None,General Play,Speech
A116,18,"Ask simple questions to help your child think about what's around her. For example, ask her, ""What is that?""",Any,Social/Emotional,No,None,General Play,Cognitive Development
A117,18,Let your child use a cup without a lid for drinking and practice eating with a spoon. Learning to eat and drink is messy but fun!,Any,Cognitive/Play,No,Cups/Water,General Play,Cognitive Development
A118,18,"Give simple choices. Let your child choose between two things. For example, when dressing, ask him if he wants to wear the red or blue shirt.",Any,Language/Communication,No,None,Music,Cognitive Development
A119,18,"Have steady routines for sleeping and eating. For example, sit at the table with your child when she's eating meals and snacks. This helps set mealtime routines for your family.",Any,Social/Emotional,No,None,General Play,Cognitive Development
A120,18,"Limit screen time (TV, tablets, phones, etc.) to video calling with loved ones. Screen time is not recommended for children younger than 2 years of age. Children learn by talking, playing, and interacting with others. Limit your own screen time when you are with your child so you are able to respond to her words and actions.",Any,Language/Communication,Yes,None,Games,Speech
A121,18,"Ask your child's doctor and/or teachers if your child is ready for toilet training. Most children are not successful at toilet training until 2 to 3 years old. If he is not ready, it can cause stress and setbacks, which can cause training to take longer.",Any,Language/Communication,No,None,Reading,Cognitive Development
A122,18,"Expect tantrums. They are normal at this age and should become shorter and happen less often as your child gets older. You can try distractions, but it's ok to ignore the tantrum. Give him some time to calm down and move on.",Any,Cognitive/Play,Yes,None,General Play,Emotional Regulation
A123,18,"Talk with your child by facing her and getting down to her eye level when possible. This helps your child ""see"" what you're saying through your eyes and face, not just your words.",Any,Language/Communication,No,None,General Play,Speech
A124,18,"Start to teach your child the names for body parts by pointing them out and saying things like ""Here's your nose, here's my nose,"" while pointing to her nose and your own.",Any,Language/Communication,No,None,General Play,Speech
A125,18,"Try to respond to your child's behavior in a safe, and loving way. Stay consistent as much as possible.",Any,Cognitive/Play,No,None,General Play,Cognitive Development
A126,18,"Teach your child more words by adding to the words she says. For example, if she says ""Dog,"" say ""Yes, that's a dog. Dogs say 'woof, woof.'""",Any,Language/Communication,No,None,General Play,Speech
A127,18,"Play with your child by rolling balls back and forth, pushing toy cars, and putting blocks or other items in and out of containers.",Any,Cognitive/Play,No,"Toys, Ball",Games,Cognitive Development
A128,18,Read books and talk about the pictures using simple words.,Any,Language/Communication,No,Books,Reading,Speech
A129,18,"Play simple games where both of you have a part to play. Blow bubbles and let your child pop them. Say things as he pops them, such as ""Pop, pop.""",Any,Language/Communication,No,None,Games,Speech
A130,18,Create a spot in your home for your child to go to when he's upset. Stay nearby so your child knows he is safe and can come to you for help calming as needed.,Any,Social/Emotional,No,None,General Play,Emotional Regulation
A131,18,Give toys that your child can push or pull safely.,Any,Cognitive/Play,No,Toys,General Play,Cognitive Development
A132,18,"Give toys and things to your child that encourage ""pretend"" play, such as a doll and a baby blanket.",Any,Cognitive/Play,No,Toys,Games,Cognitive Development
A133,15,"Help your child learn to speak. A child's early words are not complete. Repeat and add to what he says. He may say ""ba"" for ball and you can say ""Ball, yes, that's a ball.""",Any,Language/Communication,No,Ball,General Play,Speech
A134,15,"Tell your child the names of objects when he points to them and wait a few seconds to see if he makes any sounds before handing it to him. If he does make a sound, acknowledge him, and repeat the name of the object. ""Yes! Cup.""",Any,Cognitive/Play,No,Cups/Water,General Play,Cognitive Development
A135,15,"Find ways to let your child help with everyday activities. Let her get her shoes to go outside, put the snacks in the bag for the park, or put the socks in the basket.",Outdoor,Social/Emotional,No,None,General Play,Cognitive Development
A136,15,"Have steady routines for sleeping and feeding. Create a calm, quiet bedtime for your child. Put on his pajamas, brush his teeth, and read 1 or 2 books to him. Children between 1 and 2 years of age need 11 to 14 hours of sleep a day (including naps). Consistent sleep times make it easier!",Indoor,Language/Communication,No,Books,Reading,Emotional Regulation
A137,15,"Show your child different things, such as a hat. Ask him, ""What do you do with a hat? You put it on your head."" Put it on your head and then give it to him to see if he copies you. Do this with other objects, such as a book or a cup.",Any,Language/Communication,No,"Books, Cups/Water",Reading,Cognitive Development
A138,15,"Sing songs with gestures, such as ""Wheels on the Bus."" See if your child tries to do some of the actions.",Any,Language/Communication,No,Music,Music,Cognitive Development
A139,15,"Say what you think your child is feeling (for example, sad, mad, frustrated, happy). Use your words, facial expressions, and voice to show what you think she is feeling. For example, say ""You are frustrated because we can't go outside, but you can't hit. Let's go look for an indoor game.""",Outdoor,Language/Communication,Yes,None,Games,Speech
A140,15,"Expect tantrums. They are normal at this age and are more likely if your child is tired or hungry. Tantrums should become shorter and happen less as he gets older. You can try a distraction, but it is ok to let him have the tantrum without doing anything. Give him some time to calm down and move on.",Any,Cognitive/Play,Yes,None,General Play,Emotional Regulation
A141,15,"Teach your child ""wanted behaviors."" Show her what to do and use positive words or give her hugs and kisses when she does it. For example, if she pulls your pet's tail, teach her how to pet gently. Give her a hug when she does it.",Any,Language/Communication,No,None,General Play,Speech
A142,15,"Limit screen time (TV, tablets, phones, etc.) to video calling with loved ones. Screen time is not recommended for children younger than 2 years of age. Children learn by talking, playing, and interacting with others.",Any,Language/Communication,Yes,None,Games,Speech
A143,15,Encourage your child to play with blocks. You can stack the blocks and she can knock them down.,Any,Cognitive/Play,No,None,Games,Cognitive Development
A144,15,Let your child use a cup without a lid for drinking and practice eating with a spoon. Learning to eat and drink is messy but fun!,Any,Cognitive/Play,No,Cups/Water,General Play,Cognitive Development
A145,15,"Give your child water, breast milk, or plain milk. You don't need to give your child juice, but if you do, give 4 ounces or less a day of 100% fruit juice. Do not give your child other sugary beverages, such as fruit drinks, soda, sports drinks, or flavored milks.",Any,Cognitive/Play,No,Cups/Water,General Play,Cognitive Development
A146,15,"Give your baby safe places to explore. Baby-proof your home. For example, move sharp or breakable things out of reach. Lock away medicines, chemicals, and cleaning products. Save the Poison Help Line number, 800-222-1222, in all phones.",Any,Social/Emotional,Yes,None,General Play,Cognitive Development
A147,15,"Continue to talk, read, sing, and tell your child the names of things throughout the day. She will try to say and learn many new words, which can help her read later on.",Any,Language/Communication,No,None,Reading,Speech
A148,15,"Make a ""book"" with pictures of people and pets in your child's life. Name them as you look through the book together. Include a picture of your child.",Any,Language/Communication,No,Books,Reading,Cognitive Development
A149,15,Sing or play children's songs and songs your family enjoys. Dance with your child.,Any,Language/Communication,No,Music,Music,Cognitive Development
A150,15,Read a new book after a favorite one to explore and try new books. Children like to do favorite things again and again. You can use the things they like to do to introduce new things.,Any,Language/Communication,No,Books,Reading,Cognitive Development
A151,15,"Play simple games, such as hide and seek. Let your child watch you hide behind a chair and then wait for her to come ""find"" you.",Any,Cognitive/Play,No,None,Games,Cognitive Development
A152,15,"Make up a simple ""cleanup song"" and sing it while you teach your child to help ""clean up."" Have him help put toys in a basket or hand you things to put away.",Any,Language/Communication,No,"Toys, Music",Music,Cognitive Development
A153,15,"You can teach simple gestures and sign language (for example, pointing and waving) to help your child ""talk"" to you and show you what she wants.",Any,Language/Communication,No,None,General Play,Speech
A154,15,"""Pretend talk"" to your child with a stuffed animal. See if your child tries to copy you or if he uses another stuffed animal to ""talk"" with the one you are holding.",Any,Language/Communication,No,None,General Play,Speech
A155,15,"Blow bubbles and let your child pop them. Say things as she pops them, such as ""Pop, pop.""",Any,Language/Communication,No,None,General Play,Speech
A156,12,"Teach your baby ""wanted behaviors."" Show her what to do and use positive words or give her hugs and kisses when she does it. For example, if she pulls your pet's tail, teach her how to pet gently and give her a hug when she does it.",Any,Language/Communication,No,None,General Play,Speech
A157,12,"Talk or sing to your baby about what you're doing. For example, ""Mommy is washing your hands"" or sing, ""This is the way we wash our hands.""",Any,Language/Communication,No,None,Music,Speech
A158,12,"Build on what your baby tries to say. If he says ""ta,"" say ""Yes, a truck,"" or if he says ""truck,"" say ""Yes, that's a big, blue truck.""",Any,Language/Communication,No,None,General Play,Speech
A159,12,"Redirect your baby quickly and consistently by giving her a toy or moving her if she is getting into things you don't want her to get into. Save ""no"" for behaviors that are dangerous. When you say ""no,"" say it firmly. Do not spank, yell, or give her long explanations.",Any,Language/Communication,No,Toys,General Play,Speech
A160,12,"Give your baby safe places to explore. Baby-proof your home. For example, move sharp or breakable things out of reach. Lock away medicines, chemicals, and cleaning products. Save the Poison Help Line number, 800-222-1222, in all phones.",Any,Social/Emotional,Yes,None,General Play,Cognitive Development
A161,12,"Respond with words when your baby points. Babies point to ask for things. For example, say ""You want the cup? Here is the cup. It's your cup."" If he tries to say ""cup,"" celebrate his attempt.",Any,Language/Communication,No,Cups/Water,General Play,Speech
A162,12,"Point to interesting things you see, such as a truck, bus, or animals. This will help your baby pay attention to what others are ""showing"" him through pointing.",Any,Social/Emotional,No,None,General Play,Cognitive Development
A163,12,"Limit screen time (TV, tablets, phones, etc.) to video calling with loved ones. Screen time is not recommended for children younger than 2 years of age. Babies learn by talking, playing, and interacting with others.",Any,Language/Communication,Yes,None,Games,Speech
A164,12,"Give your baby water, breast milk, or plain milk. You don't need to give your baby juice, but if you do, give 4 ounces or less a day of 100% fruit juice. Do not give your baby other sugary beverages, such as fruit drinks, soda, sports drinks, or flavored milks.",Any,Cognitive/Play,No,Cups/Water,General Play,Cognitive Development
A165,12,"Help your baby get used to foods with different tastes and textures. Foods can be smooth, mashed, or finely chopped. Your baby might not like every food on the first try. Give your baby a chance to try foods again and again.",Any,Social/Emotional,No,None,General Play,Cognitive Development
A166,12,"Give your baby time to get to know a new caregiver. Bring a favorite toy, stuffed animal, or blanket to help comfort your baby.",Any,Social/Emotional,No,Toys,General Play,Cognitive Development
A167,12,Give your baby pots and pans or a small musical instrument like a drum or cymbals. Encourage your baby to make noise.,Any,Cognitive/Play,No,Music,Music,Cognitive Development
A168,12,Find out about foods that are choking risks. Let your baby practice feeding himself safe foods with his fingers and using a cup with a small amount of water. Sit next to your baby and enjoy mealtime together. Expect spills. Learning is messy and fun!,Any,Language/Communication,No,Cups/Water,Music,Cognitive Development
A169,12,Make sure your baby gets enough sleep: 4- to 12-month-olds need 12 to 16 hours of sleep a day (including naps). Consistent sleep times make it easier!,Any,Cognitive/Play,No,None,General Play,Cognitive Development
A170,12,"""Read"" books with your baby. Reading can be talking about pictures. Babies this age like books with things they can feel or flaps they can lift.",Any,Language/Communication,No,Books,Reading,Speech
A171,12,Play together with blocks and other toys that encourage your baby to use her hands.,Any,Cognitive/Play,No,Toys,Games,Cognitive Development
A172,12,"Babies learn to calm themselves from caregivers who are calm and make them feel safe. Help your baby learn she can calm down by talking softly, holding, rocking, or singing to her. Let her suck on her fingers or a pacifier.",Any,Language/Communication,No,None,Music,Speech
A173,12,"Let your baby push things around, such as empty boxes, a ""kiddie chair,"" or ""push toys,"" so he can practice walking.",Outdoor,Physical/Motor,No,Toys,General Play,Cognitive Development
A174,12,Encourage your baby to practice walking on her own. Baby walkers are not recommended. Let her hold your hands or hold onto furniture that is safe.,Outdoor,Physical/Motor,No,None,General Play,Fine Motor
A175,9,"Repeat your baby's sounds and say simple words using those sounds. For example, if your baby says ""bababa,"" repeat ""bababa,"" then say ""book.""",Any,Language/Communication,No,Books,Reading,Speech
A176,9,"Place toys on the ground or on a play mat a little out of reach and encourage your baby to crawl, scoot, or roll to get them. Celebrate when she reaches them.",Any,Cognitive/Play,No,Toys,Games,Cognitive Development
A177,9,"Teach your baby to wave ""bye-bye"" or shake his head ""no."" For example, wave and say ""bye-bye"" when you are leaving. You can also teach simple baby sign language to help your baby tell you what he wants before he can use words.",Any,Language/Communication,No,None,General Play,Speech
A178,9,"Play games, such as peek-a-boo. You can cover your head with a cloth and see if your baby pulls it off.",Any,Cognitive/Play,No,None,Games,Cognitive Development
A179,9,Play with your baby by dumping blocks from a container and putting them back in together.,Any,Cognitive/Play,No,None,Games,Cognitive Development
A180,9,"Play games with your baby, such as my turn, your turn. Try this by passing a toy back and forth.",Any,Language/Communication,No,Toys,Music,Cognitive Development
A181,9,"""Read"" to your baby. Reading can be talking about pictures. For example, while looking at books or magazines, name the pictures as you point to them.",Any,Language/Communication,No,Books,Reading,Speech
A182,9,"Limit screen time (TV, tablets, phones, etc.) to video calling with loved ones. Screen time is not recommended for children younger than 2 years of age. Babies learn by talking, playing, and interacting with others.",Any,Language/Communication,Yes,None,Games,Speech
A183,9,Find out about choking risks and safe foods to feed your baby. Let him practice feeding himself with his fingers and using a cup with a small amount of water. Sit next to your baby and enjoy mealtime together. Expect spills. Learning is messy and fun!,Any,Language/Communication,No,Cups/Water,Music,Cognitive Development
A184,9,"Ask for behaviors that you want. For example, instead of saying ""don't stand,"" say ""time to sit.""",Any,Language/Communication,No,None,General Play,Speech
A185,9,"Help your baby get used to foods with different tastes and textures. Foods can be smooth, mashed, or finely chopped. Your baby might not like every food on the first try. Give her a chance to try foods again and again.",Any,Social/Emotional,No,None,General Play,Cognitive Development
A186,9,"Say a quick and cheerful goodbye instead of sneaking away so your baby knows you are leaving, even if he cries. He will learn to calm himself and what to expect. Let him know when you return by saying ""Daddy's back!""",Any,Language/Communication,No,None,General Play,Speech
A187,9,Have routines for sleeping and feeding. Babies do better when they know what to expect.,Any,Cognitive/Play,No,None,General Play,Cognitive Development
A188,9,Stay close by as your baby explores and moves around your home so she knows that you are near.,Any,Cognitive/Play,No,None,General Play,Cognitive Development
A189,9,Make sure your baby gets enough sleep: 4- to 12-month-olds need 12 to 16 hours of sleep a day (including naps). Consistent sleep times make it easier!,Any,Cognitive/Play,No,None,General Play,Cognitive Development
A190,9,Take care of yourself. Parenting can be hard work! It is easier to enjoy your growing baby and be a loving parent when you feel good yourself.,Any,Cognitive/Play,No,None,General Play,Cognitive Development
A191,9,Make it a game when your baby drops things. Hand the item back to her so she can drop it again.,Any,Cognitive/Play,No,None,Games,Cognitive Development
A192,9,Pay attention to the way he reacts to new situations and people; try to continue to do things that make your baby happy and comfortable.,Any,Social/Emotional,Yes,None,General Play,Cognitive Development
A193,9,"Describe what your baby is looking at; for example, ""red, round ball.""",Any,Cognitive/Play,No,Ball,General Play,Cognitive Development
A194,9,"Play a game that teaches your baby to look for things she sees you hide, such as a toy under a blanket.",Any,Cognitive/Play,No,Toys,Games,Cognitive Development
A195,9,"Give your baby safe places to explore. Baby-proof your home. For example, move sharp or breakable things out of reach. Lock away medicines, chemicals, and cleaning products. ",Any,Social/Emotional,Yes,None,General Play,Cognitive Development
A196,9,"Use your words, facial expressions, and voice to show what you think your baby is feeling (sad, mad, happy). For example, tell him ""You are sad, let's see if we can make you feel better.""",Any,Language/Communication,Yes,None,General Play,Speech
A197,9,Put your baby close to things that she can pull up on safely.,Any,Cognitive/Play,No,None,General Play,Cognitive Development
A198,6,"Use ""back and forth"" play with your baby. When your baby smiles, you smile; when he makes sounds, you copy them. This helps him learn to be social.",Any,Social/Emotional,No,None,Games,Cognitive Development
A199,6,"""Read"" to your baby every day by looking at colorful pictures in magazines or books and talk about them. Respond to her when she babbles and ""reads"" too. For example, if she makes sounds, say ""Yes, that's the doggy!""",Any,Language/Communication,No,Books,Reading,Speech
A200,6,"Point out new things to your baby and name them. For example, when on a walk, point out cars, trees, and animals.",Outdoor,Physical/Motor,No,None,General Play,Cognitive Development
A201,6,Sing to your baby and play music. This will help his brain develop.,Any,Language/Communication,No,Music,Music,Cognitive Development
A202,6,"Limit screen time (TV, tablets, phones, etc.) to video calling with loved ones. Screen time is not recommended for children younger than 2 years of age. Babies learn by talking, playing, and interacting with others.",Any,Language/Communication,Yes,None,Games,Speech
A203,6,"When your baby looks at something, point to it and talk about it.",Any,Language/Communication,No,None,General Play,Speech
A204,6,Put your baby on her tummy or back and put toys just out of reach. Encourage her to roll over to reach the toys.,Any,Cognitive/Play,No,Toys,General Play,Cognitive Development
A205,6,"Learn to read your baby's moods. If he's happy, keep doing what you are doing. If he's upset, take a break and comfort your baby.",Any,Language/Communication,Yes,None,Reading,Cognitive Development
A206,6,"Talk with your baby's doctor about when to start solid foods and what foods are choking risks. Breast milk or formula is still the most important source of ""food"" for your baby.",Any,Language/Communication,No,None,General Play,Speech
A207,6,"Learn when your baby is hungry or full. Pointing to foods, opening his mouth to a spoon, or getting excited when seeing food are signs that he is hungry. Others, like pushing food away, closing his mouth, or turning his head away from food tells you that he's had enough.",Any,Language/Communication,No,None,Music,Cognitive Development
A208,6,"Help your baby learn she can calm down. Talk softly, hold, rock, or sing to her, or let her suck on her fingers or a pacifier. You may offer a favorite toy or stuffed animal while you hold or rock her.",Any,Language/Communication,No,Toys,Music,Speech
A209,6,Hold your baby up while she sits. Let her look around and give her toys to look at while she learns to balance herself.,Any,Cognitive/Play,No,Toys,General Play,Fine Motor
A210,6,Hold your baby with both of your hands securely under her arms and let her stand. Look around with your baby and name what you can see while she is standing.,Any,Cognitive/Play,No,None,General Play,Fine Motor
A211,6,"Introduce your baby to different sounds and voices. For example, whisper, clap, or make funny noises. See if your baby looks or is curious and see which sounds she prefers.",Any,Cognitive/Play,No,None,General Play,Cognitive Development
A212,6,"Playing on the floor or play mat with your baby every day helps him to move, learn, and explore.",Any,Social/Emotional,No,None,Games,Cognitive Development
A213,6,"When he drops a toy on the floor, pick it up and give it back. This game helps him learn cause and effect.",Any,Social/Emotional,No,Toys,Games,Cognitive Development
A214,4,"Respond positively to your baby. Act excited, smile, and talk to him when he makes sounds. This teaches him to take turns ""talking"" back and forth in conversation.",Any,Language/Communication,No,None,General Play,Speech
A215,4,"Provide safe opportunities for your baby to reach for toys, kick at toys and explore what is around her. For example, put her on a blanket with safe toys.",Any,Cognitive/Play,No,Toys,General Play,Cognitive Development
A216,4,"Allow your baby to put safe things in his mouth to explore them. This is how babies learn. For example, let him see, hear, and touch things that are not sharp, hot, or small enough to choke on.",Any,Cognitive/Play,No,None,General Play,Cognitive Development
A217,4,"Talk, read, and sing to your baby. This will help her learn to speak and understand words later.",Any,Language/Communication,No,None,Reading,Speech
A218,4,"Limit screen time (TV, phones, tablets, etc.) to video calling with loved ones. Screen time is not recommended for children younger than 2 years of age. Babies learn by talking, playing, and interacting with others.",Any,Language/Communication,Yes,None,Games,Speech
A219,4,"Feed only breast milk or formula to your baby. Babies are not ready for other foods, water or other drinks for about the first 6 months of life.",Any,Language/Communication,No,Cups/Water,Reading,Cognitive Development
A220,4,"Give your baby safe toys to play with that are easy to hold, like rattles or cloth books with colorful pictures for her age.",Any,Language/Communication,No,"Books, Toys",Reading,Fine Motor
A221,4,"Let your baby have time to move and interact with people and objects throughout the day. Try not to keep your baby in swings, strollers, or bouncy seats for too long.",Any,Cognitive/Play,No,None,General Play,Cognitive Development
A222,4,Set steady routines for sleeping and feeding.,Any,Cognitive/Play,No,None,General Play,Cognitive Development
A223,4,Lay your baby on her back and show her a bright-colored toy. Move the toy slowly from left to right and up and down to see if she watches how the toy moves.,Any,Cognitive/Play,No,Toys,Art,Cognitive Development
A224,4,"Sing and talk to your baby as you help her ""exercise"" (move her body) for a few minutes. Gently bend and move her arms and legs up and down.",Any,Language/Communication,No,None,Music,Speech
A225,4,Play with your baby by holding him securely under his arms with his feet on your lap. Let him bounce up and down.,Any,Cognitive/Play,No,None,Games,Fine Motor
A226,4,"Play games, such as peek-a-boo. You can cover your eyes with your hands and then uncover and say ""peek-a-boo."" Watch for your baby's smile or other signs he is enjoying the game.",Any,Language/Communication,No,None,Games,Speech
A227,4,Pay close attention to how your baby reacts to different things. This will help you learn what she likes and doesn't like and what makes her feel good.,Any,Social/Emotional,No,None,General Play,Cognitive Development
A228,4,"Copy your baby's sounds and see how long your baby ""talks"" back and forth with you.",Any,Language/Communication,No,None,General Play,Speech
A229,4,"Call your baby by his name to help him learn it. He will start to recognize it around 9 months. For example, ""Are you ticklish, Jordan?""",Any,Social/Emotional,No,None,General Play,Cognitive Development
A230,4,"Playing on the floor or play mat with your baby every day helps him to move, learn, and explore.",Any,Social/Emotional,No,None,Games,Cognitive Development
A231,4,Hold and talk to your baby; smile and be cheerful while you do.,Any,Language/Communication,No,None,General Play,Speech
A232,4,"Have quiet play times when you ""read"" or sing to your baby.",Any,Language/Communication,No,None,Reading,Cognitive Development
A233,2,"Respond positively to your baby. Act excited, smile, and talk to him when he makes sounds. This teaches him to take turns ""talking"" back and forth in conversation.",Any,Language/Communication,No,None,General Play,Speech
A234,2,"Talk, read, and sing to your baby to help her develop and understand language.",Any,Language/Communication,No,None,Reading,Speech
A235,2,Spend time cuddling and holding your baby. This will help him feel safe and cared for. You will not spoil your baby by holding or responding to him.,Any,Social/Emotional,No,None,General Play,Fine Motor
A236,2,Being responsive to your baby helps him learn and grow. Limiting your screen time when you are with your baby helps you be responsive.,Any,Social/Emotional,Yes,None,General Play,Cognitive Development
A237,2,Take care of yourself. Parenting can be hard work! It's easier to enjoy your new baby when you feel good yourself.,Any,Cognitive/Play,No,None,General Play,Cognitive Development
A238,2,"Learn to notice and respond to your baby's signals to know what she's feeling and needs. You will feel good and your baby will feel safe and loved. For example, is she trying to ""play"" with you by making sounds and looking at you, or is she turning her head away, yawning, or becoming fussy because she needs a break?",Any,Cognitive/Play,No,None,Games,Cognitive Development
A239,2,"Lay your baby on his tummy when he is awake and put toys at eye level in front of him. This will help him practice lifting his head up. Do not leave your baby alone. If he seems sleepy, place him on his back in a safe sleep area (firm mattress with no blankets, pillows, bumper pads, or toys).",Any,Social/Emotional,No,Toys,General Play,Cognitive Development
A240,2,"Feed only breast milk or formula to your baby. Babies are not ready for other foods, water or other drinks for about the first 6 months of life.",Any,Language/Communication,No,Cups/Water,Reading,Cognitive Development
A241,2,"Learn when your baby is hungry by looking for signs. Watch for signs of hunger, such as putting hands to mouth, turning head toward breast/bottle, or smacking/licking lips.",Any,Cognitive/Play,No,None,General Play,Cognitive Development
A242,2,"Look for signs your baby is full, such as closing her mouth or turning her head away from the breast/bottle. If your baby is not hungry, it's ok to stop feeding.",Any,Language/Communication,No,None,Music,Cognitive Development
A243,2,"Do not shake your baby or allow anyone else toùever! You can damage his brain or even cause his death. Put your baby in a safe place and walk away if you're getting upset when he is crying. Check on him every 5û10 minutes. Infant crying is often worse in the first few months of life, but it gets better!",Outdoor,Physical/Motor,No,None,General Play,Cognitive Development
A244,2,Have routines for sleeping and feeding. This will help your baby begin to learn what to expect.,Any,Social/Emotional,No,None,General Play,Cognitive Development
A245,2,"Hold a rattle off to one side of your baby's head, shake it, and see if your baby looks for the noise.",Any,Cognitive/Play,No,None,General Play,Fine Motor
A246,2,"Practice staying calm when your baby is upset by talking softly, holding, rocking, or singing to her. This will help her calm down and lessen her stress and fears.",Any,Language/Communication,No,None,Music,Speech
A247,2,"Limit screen time (TV, tablets, phones, etc.) to video calling with loved ones. Screen time is not recommended for children younger than 2 years of age. Babies learn by talking, playing, and interacting with others.",Any,Language/Communication,Yes,None,Games,Speech
A248,2,"Talk and play with your baby while feeding, dressing, and bathing.",Indoor,Language/Communication,No,None,Music,Speech
A249,2,Help your baby learn some ways to self-soothe by letting her suck on her fingers or a pacifier.,Any,Social/Emotional,No,None,General Play,Cognitive Development
A250,2,"Copy your baby's sounds and see how long your baby ""talks"" by making sounds back and forth with you.",Any,Language/Communication,No,None,General Play,Speech
A251,2,Place a baby-safe mirror near your baby so she can look at herself. She will begin to develop a sense of who she is.,Any,Cognitive/Play,No,None,General Play,Cognitive Development
A252,2,Look at pictures with bright colors or faces with your baby and talk about them.,Any,Language/Communication,No,None,Art,Speech
A253,2,Hold your baby face-to-face and make eye contact.,Any,Cognitive/Play,No,None,General Play,Fine Motor
A254,2,"Talk to your baby with a soothing, animated voice throughout the day while dressing, bathing, feeding or playing with your baby.",Indoor,Language/Communication,No,None,Music,Speech
A255,2,Sing to your baby.,Any,Language/Communication,No,None,Music,Cognitive Development
A256,2,Give your baby rattles and soft toys with different sounds.,Any,Cognitive/Play,No,Toys,General Play,Cognitive Development
A257,2,"Let your baby hear different sounds (for example, wind chime, ticking clock, soft music or music box).",Any,Cognitive/Play,No,Music,Music,Cognitive Development
A258,2,Show your baby bright pictures of black and white images.,Any,Cognitive/Play,No,None,General Play,Cognitive Development
A259,2,Hang a mobile with bright objects above your baby.,Any,Cognitive/Play,No,None,General Play,Cognitive Development
A260,2,Call your baby by name.,Any,Cognitive/Play,No,None,General Play,Cognitive Development
A261,2,Hold your baby during feedings and provide comfort when he or she is distressed and cuddling when happy.,Any,Social/Emotional,Yes,None,General Play,Fine Motor
A262,2,Hold your baby face to face.,Any,Cognitive/Play,No,None,General Play,Fine Motor
A263,3,Talk in a soothing tone and let your baby hear your affectionate and friendly voice.,Any,Language/Communication,No,None,General Play,Speech
A264,3,Sing to your baby.,Any,Language/Communication,No,None,Music,Cognitive Development
A265,3,"Walk with your baby in a sling,carrieráor a stroller.á",Outdoor,Physical/Motor,No,None,General Play,Cognitive Development
A266,3,Swaddle your baby to help themáfeel secure and prevent startling by the babyÆs own movements.á,Any,Social/Emotional,No,None,General Play,Cognitive Development
A267,3,"Rock your baby in a rhythmic, gentle motion.",Any,Cognitive/Play,No,None,General Play,Cognitive Development
A268,3,Respond quickly to your babyÆs cries.á,Any,Cognitive/Play,No,None,General Play,Cognitive Development
A269,6,Repeat sounds and smile when your baby makes sounds.,Any,Cognitive/Play,No,None,General Play,Cognitive Development
A270,6,Laugh with your baby.,Any,Cognitive/Play,No,None,General Play,Cognitive Development
A271,6,"Talk to and imitate your baby during feeding, dressing, changing diapers and bath time.",Indoor,Language/Communication,No,None,Music,Speech
A272,6,Spend time on the floor playing with your child every day.,Any,Cognitive/Play,No,None,Games,Cognitive Development
A273,6,Dance with your baby and do other rhythmic movements.,Any,Cognitive/Play,No,None,General Play,Cognitive Development
A274,6,Introduce your baby to other children and parents.,Any,Cognitive/Play,No,None,General Play,Cognitive Development
A275,6,Place safe toys near your baby to encourage reaching and grasping.,Any,Cognitive/Play,No,Toys,General Play,Cognitive Development
A276,6,Encourage laughing and play by making funny faces or sounds or blowing on babyÆs belly and laughing.,Any,Cognitive/Play,No,None,Games,Cognitive Development
A277,6,"Play peek-a-boo games to help develop object permanence, the understanding that objects are still present even though they cannot be seen.",Any,Social/Emotional,No,None,Games,Cognitive Development
A278,6,Show your baby bright picture books and interesting objects.,Any,Language/Communication,No,Books,Reading,Cognitive Development
A279,6,Show your baby his or her reflection in a mirror.,Any,Cognitive/Play,No,None,General Play,Cognitive Development
A280,6,"Read books and stories to your baby, and point out pictures.",Any,Language/Communication,No,Books,Reading,Cognitive Development
A281,6,Take your baby outside to see new things and people.,Outdoor,Cognitive/Play,No,None,General Play,Cognitive Development
A282,6,Hold your baby for feedings and cuddle when he or she is awake.,Any,Cognitive/Play,No,None,General Play,Fine Motor
A283,6,Hold and comfort your baby when he or she is unhappy.,Any,Social/Emotional,Yes,None,General Play,Fine Motor
A284,2,Hold your baby close and look directly into their eyes while talking softly to encourage visual tracking and bonding.,Indoor,Social/Emotional,No,None,General Play,Emotional Regulation
A285,2,Place a high-contrast black-and-white picture book next to your baby during tummy time to stimulate visual development.,Indoor,Cognitive/Play,No,"Books, Art Supplies",Art,Cognitive Development
A286,4,Gently pull your baby up to a sitting position holding their hands. This helps build neck and core strength.,Indoor,Physical/Motor,No,None,General Play,Gross Motor
A287,4,Shake a colorful rattle slightly out of reach to encourage your baby to reach and grasp.,Indoor,Physical/Motor,No,Toys,General Play,Fine Motor
A288,6,"Play peek-a-boo by hiding your face behind your hands or a cloth, then revealing it with a smile to teach object permanence.",Any,Cognitive/Play,No,None,Games,Cognitive Development
A289,6,"Give your baby safe objects to bang together, like wooden spoons or plastic cups, to explore cause and effect and sound.",Indoor,Physical/Motor,No,"Cups/Water, Toys",Music,Fine Motor
A290,9,Create a safe obstacle course with pillows and cushions on the floor to encourage crawling and spatial awareness.,Indoor,Physical/Motor,No,None,General Play,Gross Motor
A291,9,"Practice the 'pincer grasp' by offering small, safe finger foods like O-shaped cereal for your baby to pick up.",Indoor,Physical/Motor,No,None,General Play,Fine Motor
A292,12,"Roll a large, soft ball back and forth with your child while sitting on the floor to practice turn-taking and coordination.",Indoor,Physical/Motor,No,Ball,Games,Gross Motor
A293,12,"Give your child a large cardboard box to climb in, out, and around to develop gross motor skills and imagination.",Any,Physical/Motor,No,None,General Play,Gross Motor
A294,15,Stack three or four wooden blocks together and encourage your child to knock them down and rebuild them.,Indoor,Physical/Motor,No,Toys,General Play,Fine Motor
A295,15,Read a picture book and ask your child to point to specific objects like 'Where is the dog?' to build receptive language.,Any,Language/Communication,No,Books,Reading,Speech
A296,18,"Provide large, non-toxic crayons and blank paper, encouraging your child to make large scribbles and marks.",Indoor,Cognitive/Play,No,Art Supplies,Art,Fine Motor
A297,18,"Play 'Follow the Leader' with simple actions like clapping hands, stomping feet, or touching your head.",Any,Physical/Motor,No,None,Games,Gross Motor
A298,24,Sort colorful pom-poms or large buttons into different bowls by color using hands or toddler-safe tongs.,Indoor,Cognitive/Play,No,Toys,Games,Cognitive Development
A299,24,Sing songs with hand motions like 'The Itsy Bitsy Spider' or 'Wheels on the Bus' to build language and memory.,Any,Language/Communication,No,Music,Music,Speech
A300,30,"Encourage pretend play by providing empty food cartons, toy dishes, and letting them 'cook' a meal for you.",Indoor,Cognitive/Play,No,Toys,General Play,Cognitive Development
A301,30,String large wooden beads onto a shoelace to practice hand-eye coordination and concentration.,Indoor,Physical/Motor,No,Toys,General Play,Fine Motor
A302,36,"Draw simple shapes (circle, square) on paper and have your child practice tracing over the lines with a finger or thick crayon.",Indoor,Cognitive/Play,No,Art Supplies,Art,Fine Motor
A303,36,"Go on a 'nature walk' outside and ask your child to collect items with different textures, like smooth leaves or rough bark.",Outdoor,Cognitive/Play,No,None,General Play,Cognitive Development
A304,48,Practice balancing by drawing a straight line on the ground with chalk and having your child walk tightrope-style across it.,Outdoor,Physical/Motor,No,Art Supplies,Games,Gross Motor
A305,48,"Play 'Simon Says' using multi-step instructions like 'Touch your nose, then jump up' to build working memory and listening skills.",Any,Language/Communication,No,None,Games,Cognitive Development
A306,60,Introduce basic math by having your child help count out napkins or silverware for everyone sitting at the dinner table.,Indoor,Cognitive/Play,No,None,General Play,Cognitive Development
A307,60,Encourage emotional storytelling by asking your child to draw a picture of a time they felt very happy or very sad.,Indoor,Social/Emotional,No,Art Supplies,Art,Emotional Regulation
